Source,Page,Content
IHVN,https://www.ihvnigeria.org,"+234 9461 0342 [email protected] Working Hours - Mon - Thu: 8:00 - 17:00; Fri: 8:00 - 14:00      Institute of Human Virology, Nigeria - IHV NIGERIA Home About Us Our History Leadership & Team Board of Directors Executive Team Directors, Deputies & Associates Regional & State Managers, Technical Directors Unit Heads Technical Advisers Corporate Activities Office of the CEO Global Fund Programs Program Communication and Treatment Awareness Unit PEPFAR Coordinating Unit Learning and Development Unit Office of The COO Institutional Policies Administration Department Information Technology Unit Maintenance Unit Human Resources Unit Office Management Unit Travels Unit Building Services Unit Safety and Security Unit Finance Department Financial Services Financial Reporting, Budgets & Management Information System (MIS) Grants Management Department Supply Chain Management Department Board Secretariat and Legal Unit Prevention, Care and Treatment (PCT) Department Adult ART Pediatric ART Pharmacy Unit Maternal, Neonatal & Child Health Community Case Management Programme (CCMP) Empowering Communities through HES and VSLA Adolescent Services Violence Prevention Care and Support TB/HIV Unit Prevention Unit Clinical Laboratory Services Department Laboratory Equipment Maintenance Unit Molecular Diagnostics Unit Biorepository Services Unit Quality Improvement Unit Clinical Laboratory TB Services Unit Field Operations Unit (FOU) Strategic Information Department Health Informatics Unit Program Monitoring and Evaluation Unit Surveillance and Implementation Science Unit Internal Audit and Compliance Department Internal Audit/System Strengthening Unit Process and Compliance Unit Business Development Unit What We Do Ongoing Projects/Programs HIV Adolescents Adult Children Pregnant Women TB/DR-TB COVID-19 Services MALARIA RESEARCH CAPACITY BUILDING Nutrition LABORATORY SERVICES IHVN Ethics Committee COMPLETED PROJECTS Structure Where We Work Our History Leadership & Team Board of Directors Executive Team Directors, Deputies & Associates Regional & State Managers, Technical Directors Unit Heads Technical Advisers Board of Directors Executive Team Directors, Deputies & Associates Regional & State Managers, Technical Directors Unit Heads Technical Advisers Corporate Activities Office of the CEO Global Fund Programs Program Communication and Treatment Awareness Unit PEPFAR Coordinating Unit Learning and Development Unit Office of The COO Institutional Policies Administration Department Information Technology Unit Maintenance Unit Human Resources Unit Office Management Unit Travels Unit Building Services Unit Safety and Security Unit Finance Department Financial Services Financial Reporting, Budgets & Management Information System (MIS) Grants Management Department Supply Chain Management Department Board Secretariat and Legal Unit Prevention, Care and Treatment (PCT) Department Adult ART Pediatric ART Pharmacy Unit Maternal, Neonatal & Child Health Community Case Management Programme (CCMP) Empowering Communities through HES and VSLA Adolescent Services Violence Prevention Care and Support TB/HIV Unit Prevention Unit Clinical Laboratory Services Department Laboratory Equipment Maintenance Unit Molecular Diagnostics Unit Biorepository Services Unit Quality Improvement Unit Clinical Laboratory TB Services Unit Field Operations Unit (FOU) Strategic Information Department Health Informatics Unit Program Monitoring and Evaluation Unit Surveillance and Implementation Science Unit Internal Audit and Compliance Department Internal Audit/System Strengthening Unit Process and Compliance Unit Business Development Unit Office of the CEO Global Fund Programs Program Communication and Treatment Awareness Unit PEPFAR Coordinating Unit Learning and Development Unit Global Fund Programs Program Communication and Treatment Awareness Unit PEPFAR Coordinating Unit Learning and Development Unit Learning and Development Unit Office of The COO Institutional Policies Administration Department Information Technology Unit Maintenance Unit Human Resources Unit Office Management Unit Travels Unit Building Services Unit Safety and Security Unit Finance Department Financial Services Financial Reporting, Budgets & Management Information System (MIS) Grants Management Department Supply Chain Management Department Board Secretariat and Legal Unit Institutional Policies Administration Department Information Technology Unit Maintenance Unit Human Resources Unit Office Management Unit Travels Unit Building Services Unit Safety and Security Unit Information Technology Unit Maintenance Unit Human Resources Unit Office Management Unit Travels Unit Building Services Unit Safety and Security Unit Finance Department Financial Services Financial Reporting, Budgets & Management Information System (MIS) Financial Services Financial Reporting, Budgets & Management Information System (MIS) Grants Management Department Supply Chain Management Department Board Secretariat and Legal"
IHVN,https://www.ihvnigeria.org/program-communication-and-treatment-awareness-unit/,Program Communication and Treatment Awareness Unit
IHVN,https://www.ihvnigeria.org/administration-department/,Administration Department
IHVN,https://www.ihvnigeria.org/finance-department/,Finance Department
IHVN,https://www.ihvnigeria.org/finance-department/financial-reporting-budgets-management-information-system-mis/,"Financial Reporting, Budgets & Management Information System (MIS)"
IHVN,https://www.ihvnigeria.org/grants-management-department/,Grants Management Department
IHVN,https://www.ihvnigeria.org/supply-chain-management-department/,Supply Chain Management Department
IHVN,https://www.ihvnigeria.org/prevention-care-and-treatment-pct-department/,"Prevention, Care and Treatment (PCT) Department"
IHVN,https://www.ihvnigeria.org/prevention-care-and-treatment-pct-department/adult-art/,Adult ART
IHVN,https://www.ihvnigeria.org/prevention-care-and-treatment-pct-department/pediatric-art/,Pediatric ART
IHVN,https://www.ihvnigeria.org/prevention-care-and-treatment-pct-department/community-case-management-programme/,Community Case Management Programme (CCMP)
IHVN,https://www.ihvnigeria.org/prevention-care-and-treatment-pct-department/adolescent-services/,Adolescent Services
IHVN,https://www.ihvnigeria.org/prevention-care-and-treatment-pct-department/violence-prevention/,Violence Prevention
IHVN,https://www.ihvnigeria.org/prevention-care-and-treatment-pct-department/tb-hiv-unit/,TB/HIV Unit
IHVN,https://www.ihvnigeria.org/prevention-care-and-treatment-pct-department/prevention-unit/,Prevention Unit
IHVN,https://www.ihvnigeria.org/clinical-laboratory-services-department/,Clinical Laboratory Services Department
IHVN,https://www.ihvnigeria.org/clinical-laboratory-services-department/clinical-laboratory-tb-services-unit/,Clinical Laboratory TB Services Unit
IHVN,https://www.ihvnigeria.org/strategic-information-department/,Strategic Information Department
IHVN,https://www.ihvnigeria.org/internal-audit-and-compliance-department/,Internal Audit and Compliance Department
IHVN,https://www.ihvnigeria.org/about-us/hiv/,HIV
IHVN,https://www.ihvnigeria.org/about-us/hiv/adolescents/,Adolescents
IHVN,https://www.ihvnigeria.org/tb-dr-tb/,TB/DR-TB
IHVN,https://www.ihvnigeria.org/news-and-articles/ihvn-news-publications/,IHVN News/Publications
IHVN,https://www.ihvnigeria.org/news-and-articles,More Articles
IHVN,https://www.ihvnigeria.org/equal-project-unveils-research-findings-on-community-midwifery-in-conflict-affected-areas-in-nigeria/,EQUAL Project Unveils Research Findings on Community Midwifery in Conflict-Affected Areas in Nigeria
IHVN,https://us06web.zoom.us/j/86591217010?pwd=6AZReTKRwDOQ6V1ixxye00aBZQvmMX.1,"Registration and Participation is FREE, click  here to start"
IHVN,https://www.ihvnigeria.org/portfolio/ihvn-participates-in-nora-afcrn-summer-school-2025-booth-camp/,IHVN Participates in NORA/AFCRN Summer School 2025 Booth Camp
IHVN,https://www.ihvnigeria.org/portfolio/ihvn-participates-in-7th-national-council-on-aids/,IHVN Participates in 7th National Council on AIDS
NEPWHAN,https://nepwhan.org,"WHO WE ARE About Us Member 1 OUR HISTORY Our Network Where We Work Board of Trustees Our Team Our Partners Office Locations About Us Member 1 Member 1 OUR HISTORY Our Network Where We Work Board of Trustees Our Team Our Partners Office Locations WHAT WE DO Ongoing Projects Community-Led Monitoring Intervention Gender and Human Rights Intervention PMTCT AGYW RSSH RESEARCH C19RM Ongoing Projects Community-Led Monitoring Intervention Gender and Human Rights Intervention PMTCT AGYW RSSH RESEARCH C19RM SUPPORT SERVICES ADVOCACY & EDUCATION HIV & Human Rights Policy & Advocacy Educational Resources FAQs on HIV/AIDS Awareness Campaigns PLHIV SUPPORT NETWORK PLHIV Helplines Community Support Groups Legal Aid Access Counselling & Referrals Community Rights Advocates Community Systems Strengthening community-led monitoring community-led advocacy Institutional capacity building, REPORT ABUSE REPORT CASE FORM WHISTLE BLOWING ADVOCACY & EDUCATION HIV & Human Rights Policy & Advocacy Educational Resources FAQs on HIV/AIDS Awareness Campaigns HIV & Human Rights Policy & Advocacy Educational Resources FAQs on HIV/AIDS Awareness Campaigns PLHIV SUPPORT NETWORK PLHIV Helplines Community Support Groups Legal Aid Access Counselling & Referrals Community Rights Advocates PLHIV Helplines Community Support Groups Legal Aid Access Counselling & Referrals Community Rights Advocates Community Systems Strengthening community-led monitoring community-led advocacy Institutional capacity building, community-led monitoring community-led advocacy Institutional capacity building, REPORT ABUSE REPORT CASE FORM WHISTLE BLOWING REPORT CASE FORM WHISTLE BLOWING NEWSROOM Blog/News Feed Success Stories Events & Campaigns Resources & Reports Publications Annual Reports Research & Data Blog/News Feed Success Stories Events & Campaigns Resources & Reports Publications Annual Reports Research & Data Publications Annual Reports Research & Data GET INVOLVED Donate Volunteer Opportunities Become a Partner Careers Subscribe Form Donate Volunteer Opportunities Become a Partner Careers Subscribe Form SEARCH  OUR FOCUS AREAS PMTCT NEPWHAN’s Prevention of Mother to Child Transmission of HIV (PMTCT) intervention supports pregnant women living with HIV with timely treatment, peer support, and community follow-up—turning fear into hope and protecting the next generation. GENDER & HUMAN RIGHTS NEPWHAN’s Gender and Human Rights intervention removes barriers to HIV and TB services by empowering communities, supporting survivors, and strengthening access to justice across Nigeria. COMMUNITY-LED MONITORING Through Community-Led Monitoring (CLM), NEPWHAN places people at the center of health system accountability—collecting real-time feedback, resolving service gaps, and improving quality of care across Nigeria. COMMUNITY SYSTEMS STRENGTHENING NEPWHAN’s Community Systems Strengthening ensures communities have the skills, systems, and partnerships needed to sustain health and human rights gains beyond donor funding. ABOUT US The Network of People Living with HIV and AIDS in Nigeria (NEPWHAN) is the umbrella body representing all people living with HIV (PLHIV) in Nigeria. Established in 1998 and formally registered with the Corporate Affairs Commission (CAC) in 2004, NEPWHAN serves as the collective voice of PLHIV, advocating for their rights, dignity, and access to quality healthcare and social support. With branch offices in all 36 states and the Federal Capital Territory (FCT), Abuja, NEPWHAN operates through a nationwide structure of networks, support groups, and community-based organizations. These structures ensure that the voices of PLHIV are heard at every level — from local communities to national policy platforms. RECENT NEWS & ARTICLES NEPWHAN Holds National CLM Self-Assessment and Stakeholder Review Meeting in Abuja NEPWHAN, with support from UNAIDS and in partnership with key national stakeholders, convened the National… NEPWHAN Marks World AIDS Day 2025 With National Press Conference, Reaffirms Commitment to Ending AIDS by 2030 NEPWHAN joined national and global partners to commemorate World AIDS Day 2025 by hosting a… NEPWHAN Strengthens Community Capacity on Gender and Human Rights Under the N-THRIP Project The Network of People Living with HIV/AIDS in Nigeria (NEPWHAN) successfully concluded a three-day State-Level… Empowering Youth Champions Through Digital Tools for HIV Advocacy In a bold step toward digital inclusion and youth-led health advocacy, NEPWHAN is equipping young… OUR IMPACTS PLHIV newly initiated or re-initiated on antiretroviral therapy following treatment interruption. Documented cases of gender-based violence and human rights violations that we have conclusively resolved. Adolescent girls and young women (AGYW) reached with HIV testing who received and understood their results. Total number of adolescent girls and young women (AGYW) reached with HIV prevention services. OUR VIDEO STORIES Our works have had significant impacts on prog"
NEPWHAN,https://nepwhan.org/home-6/,Our Partners
NEPWHAN,https://nepwhan.org/community-led-monitoring-intervention/,Community-Led Monitoring Intervention
NEPWHAN,https://nepwhan.org/gender-and-human-rights/,Gender and Human Rights Intervention
NEPWHAN,https://nepwhan.org/pmtct-program/,PMTCT
NEPWHAN,https://nepwhan.org/elements/buttons/,HIV & Human Rights
NEPWHAN,https://nepwhan.org/elements/counter/,Policy & Advocacy
NEPWHAN,https://nepwhan.org/elements/lines-and-divider/,FAQs on HIV/AIDS
NEPWHAN,https://nepwhan.org/elements/iconbox/,PLHIV Helplines
NEPWHAN,https://nepwhan.org/elements/accordions/,Community Support Groups
NEPWHAN,https://nepwhan.org/elements/tabs/,Community Rights Advocates
NEPWHAN,https://nepwhan.org/elements/imagebox/,community-led monitoring
NEPWHAN,https://nepwhan.org/elements/blog-posts/,community-led advocacy
NEPWHAN,https://nepwhan.org/elements/pricing-table/,REPORT CASE FORM
NEPWHAN,https://nepwhan.org/elements/causes/,Resources & Reports
NEPWHAN,https://nepwhan.org/shop-2/,Publications
NEPWHAN,https://nepwhan.org/home-8/,Annual Reports
NEPWHAN,https://nepwhan.org#,REPORT ABUSE NOW
NEPWHAN,https://nepwhan.org#,GET STARTED
NEPWHAN,https://nepwhan.org/redesigned/?page_id=2596,PMTCT
NEPWHAN,https://nepwhan.org/gender-and-human-rights/,GENDER & HUMAN RIGHTS
NEPWHAN,https://nepwhan.org/community-led-monitoring-intervention/,COMMUNITY-LED MONITORING
NEPWHAN,https://nepwhan.org/community-systems-strengthening-intervention/,COMMUNITY SYSTEMS STRENGTHENING
NEPWHAN,https://nepwhan.org/2025/11/25/wad2025-press-conference/,"NEPWHAN Marks World AIDS Day 2025 With National Press Conference, Reaffirms Commitment to Ending AIDS by 2030"
NEPWHAN,https://nepwhan.org/2025/10/10/creative-green-solutions-4/,NEPWHAN Strengthens Community Capacity on Gender and Human Rights Under the N-THRIP Project
NEPWHAN,https://nepwhan.org/2025/10/03/empowering-youth-champions/,Empowering Youth Champions Through Digital Tools for HIV Advocacy
NEPWHAN,https://nepwhan.org/gallery/pmtct/,Prevention of Mother to Transmission of HIV (PMTCT)
NEPWHAN,https://nepwhan.org/gallery/community-led-monitoring/,COMMUNITY-LED MONITORING
NEPWHAN,https://nepwhan.org/gallery/community-mobilization/,Community Mobilization
NEPWHAN,https://nepwhan.org/gallery/championing-the-cause-wad-2/,POLICYMAKERS CHAMPIONING THE CAUSE
